<?xml version="1.0" encoding="utf-8" standalone="yes" ?>
<rss version="2.0" xmlns:atom="http://www.w3.org/2005/Atom">
  <channel>
    <title>command-line on Cupper</title>
    <link>/tags/command-line/</link>
    <description>Recent content in command-line on Cupper</description>
    <generator>Hugo -- gohugo.io</generator>
    <language>en-us</language>
    <lastBuildDate>Sun, 28 Sep 2014 00:00:00 +0000</lastBuildDate>
    
	<atom:link href="/tags/command-line/index.xml" rel="self" type="application/rss+xml" />
    
    
    <item>
      <title>Creating a New Theme</title>
      <link>/creating-a-new-theme/</link>
      <pubDate>Sun, 28 Sep 2014 00:00:00 +0000</pubDate>
      
      <guid>/creating-a-new-theme/</guid>
      <description>Introduction This tutorial will show you how to create a simple theme in Hugo. I assume that you are familiar with HTML, the bash command line, and that you are comfortable using Markdown to format content. I&amp;rsquo;ll explain how Hugo uses templates and how you can organize your templates to create a theme. I won&amp;rsquo;t cover using CSS to style your theme.
We&amp;rsquo;ll start with creating a new site with a very basic template.</description>
    </item>
    
  </channel>
</rss>