<?xml version="1.0" encoding="utf-8" standalone="yes" ?>
<rss version="2.0" xmlns:atom="http://www.w3.org/2005/Atom">
  <channel>
    <title>Tags on Cupper</title>
    <link>/tags/</link>
    <description>Recent content in Tags on Cupper</description>
    <generator>Hugo -- gohugo.io</generator>
    <language>en-us</language>
    <lastBuildDate>Thu, 28 Mar 2019 00:00:00 +0000</lastBuildDate>
    
	<atom:link href="/tags/index.xml" rel="self" type="application/rss+xml" />
    
    
    <item>
      <title>hugo</title>
      <link>/tags/hugo/</link>
      <pubDate>Thu, 28 Mar 2019 00:00:00 +0000</pubDate>
      
      <guid>/tags/hugo/</guid>
      <description></description>
    </item>
    
    <item>
      <title>katex</title>
      <link>/tags/katex/</link>
      <pubDate>Thu, 28 Mar 2019 00:00:00 +0000</pubDate>
      
      <guid>/tags/katex/</guid>
      <description></description>
    </item>
    
    <item>
      <title>math</title>
      <link>/tags/math/</link>
      <pubDate>Thu, 28 Mar 2019 00:00:00 +0000</pubDate>
      
      <guid>/tags/math/</guid>
      <description></description>
    </item>
    
    <item>
      <title>typesetting</title>
      <link>/tags/typesetting/</link>
      <pubDate>Thu, 28 Mar 2019 00:00:00 +0000</pubDate>
      
      <guid>/tags/typesetting/</guid>
      <description></description>
    </item>
    
    <item>
      <title>markdown</title>
      <link>/tags/markdown/</link>
      <pubDate>Thu, 14 Feb 2019 15:36:09 -0600</pubDate>
      
      <guid>/tags/markdown/</guid>
      <description></description>
    </item>
    
    <item>
      <title>shortcodes</title>
      <link>/tags/shortcodes/</link>
      <pubDate>Tue, 12 Feb 2019 23:39:06 -0600</pubDate>
      
      <guid>/tags/shortcodes/</guid>
      <description></description>
    </item>
    
    <item>
      <title>nasa</title>
      <link>/tags/nasa/</link>
      <pubDate>Thu, 27 Dec 2018 20:46:49 -0600</pubDate>
      
      <guid>/tags/nasa/</guid>
      <description></description>
    </item>
    
    <item>
      <title>quotes</title>
      <link>/tags/quotes/</link>
      <pubDate>Wed, 26 Dec 2018 00:29:41 -0600</pubDate>
      
      <guid>/tags/quotes/</guid>
      <description></description>
    </item>
    
    <item>
      <title>command-line</title>
      <link>/tags/command-line/</link>
      <pubDate>Sun, 28 Sep 2014 00:00:00 +0000</pubDate>
      
      <guid>/tags/command-line/</guid>
      <description></description>
    </item>
    
    <item>
      <title>theme</title>
      <link>/tags/theme/</link>
      <pubDate>Sun, 28 Sep 2014 00:00:00 +0000</pubDate>
      
      <guid>/tags/theme/</guid>
      <description></description>
    </item>
    
    <item>
      <title>fun</title>
      <link>/tags/fun/</link>
      <pubDate>Wed, 02 Apr 2014 00:00:00 +0000</pubDate>
      
      <guid>/tags/fun/</guid>
      <description></description>
    </item>
    
    <item>
      <title>git</title>
      <link>/tags/git/</link>
      <pubDate>Wed, 02 Apr 2014 00:00:00 +0000</pubDate>
      
      <guid>/tags/git/</guid>
      <description></description>
    </item>
    
    <item>
      <title>go</title>
      <link>/tags/go/</link>
      <pubDate>Wed, 02 Apr 2014 00:00:00 +0000</pubDate>
      
      <guid>/tags/go/</guid>
      <description></description>
    </item>
    
    <item>
      <title>templates</title>
      <link>/tags/templates/</link>
      <pubDate>Wed, 02 Apr 2014 00:00:00 +0000</pubDate>
      
      <guid>/tags/templates/</guid>
      <description></description>
    </item>
    
    <item>
      <title>jekyll</title>
      <link>/tags/jekyll/</link>
      <pubDate>Mon, 10 Mar 2014 00:00:00 +0000</pubDate>
      
      <guid>/tags/jekyll/</guid>
      <description></description>
    </item>
    
    <item>
      <title>migration</title>
      <link>/tags/migration/</link>
      <pubDate>Mon, 10 Mar 2014 00:00:00 +0000</pubDate>
      
      <guid>/tags/migration/</guid>
      <description></description>
    </item>
    
  </channel>
</rss>