<?xml version="1.0" encoding="utf-8" standalone="yes" ?>
<rss version="2.0" xmlns:atom="http://www.w3.org/2005/Atom">
  <channel>
    <title>jekyll on Cupper</title>
    <link>/tags/jekyll/</link>
    <description>Recent content in jekyll on Cupper</description>
    <generator>Hugo -- gohugo.io</generator>
    <language>en-us</language>
    <lastBuildDate>Mon, 10 Mar 2014 00:00:00 +0000</lastBuildDate>
    
	<atom:link href="/tags/jekyll/index.xml" rel="self" type="application/rss+xml" />
    
    
    <item>
      <title>Migrate to Hugo from Jekyll</title>
      <link>/migrate-from-jekyll/</link>
      <pubDate>Mon, 10 Mar 2014 00:00:00 +0000</pubDate>
      
      <guid>/migrate-from-jekyll/</guid>
      <description>Move static content to static Jekyll has a rule that any directory not starting with _ will be copied as-is to the _site output. Hugo keeps all static content under static. You should therefore move it all there. With Jekyll, something that looked like
▾ &amp;lt;root&amp;gt;/ ▾ images/ logo.png  should become
▾ &amp;lt;root&amp;gt;/ ▾ static/ ▾ images/ logo.png  Additionally, you&amp;rsquo;ll want any files that should reside at the root (such as CNAME) to be moved to static.</description>
    </item>
    
  </channel>
</rss>