<?xml version="1.0" encoding="utf-8" standalone="yes" ?>
<rss version="2.0" xmlns:atom="http://www.w3.org/2005/Atom">
  <channel>
    <title>quotes on Cupper</title>
    <link>/tags/quotes/</link>
    <description>Recent content in quotes on Cupper</description>
    <generator>Hugo -- gohugo.io</generator>
    <language>en-us</language>
    <lastBuildDate>Wed, 26 Dec 2018 00:29:41 -0600</lastBuildDate>
    
	<atom:link href="/tags/quotes/index.xml" rel="self" type="application/rss+xml" />
    
    
    <item>
      <title>Quotes by Carl Jung</title>
      <link>/quotes-by-carl-jung/</link>
      <pubDate>Wed, 26 Dec 2018 00:29:41 -0600</pubDate>
      
      <guid>/quotes-by-carl-jung/</guid>
      <description>Even a happy life cannot be without a measure of darkness, and the word happy would lose its meaning if it were not balanced by sadness. It is far better to take things as they come along with patience and equanimity. &amp;mdash; Carl Jung   The least of things with a meaning is worth more in life than the greatest of things without it. &amp;mdash; Carl Jung   Who looks outside, dreams; who looks inside, awakes.</description>
    </item>
    
  </channel>
</rss>