<?xml version="1.0" encoding="utf-8" standalone="yes" ?>
<rss version="2.0" xmlns:atom="http://www.w3.org/2005/Atom">
  <channel>
    <title>shortcodes on Cupper</title>
    <link>/tags/shortcodes/</link>
    <description>Recent content in shortcodes on Cupper</description>
    <generator>Hugo -- gohugo.io</generator>
    <language>en-us</language>
    <lastBuildDate>Tue, 12 Feb 2019 23:39:06 -0600</lastBuildDate>
    
	<atom:link href="/tags/shortcodes/index.xml" rel="self" type="application/rss+xml" />
    
    
    <item>
      <title>Cupper Shortcodes</title>
      <link>/cupper-shortcodes/</link>
      <pubDate>Tue, 12 Feb 2019 23:39:06 -0600</pubDate>
      
      <guid>/cupper-shortcodes/</guid>
      <description>blockquote {{&amp;lt; blockquote author=&amp;quot;Carl Jung&amp;quot; &amp;gt;}} Even a happy life cannot be without a measure of darkness, and the word happy would lose its meaning if it were not balanced by sadness. It is far better to take things as they come along with patience and equanimity. {{&amp;lt; /blockquote &amp;gt;}}   Even a happy life cannot be without a measure of darkness, and the word happy would lose its meaning if it were not balanced by sadness.</description>
    </item>
    
  </channel>
</rss>