<?xml version="1.0" encoding="utf-8" standalone="yes" ?>
<rss version="2.0" xmlns:atom="http://www.w3.org/2005/Atom">
  <channel>
    <title>katex on Cupper</title>
    <link>/tags/katex/</link>
    <description>Recent content in katex on Cupper</description>
    <generator>Hugo -- gohugo.io</generator>
    <language>en-us</language>
    <lastBuildDate>Thu, 28 Mar 2019 00:00:00 +0000</lastBuildDate>
    
	<atom:link href="/tags/katex/index.xml" rel="self" type="application/rss+xml" />
    
    
    <item>
      <title>Katex Math Typesetting</title>
      <link>/katex-math-typesetting/</link>
      <pubDate>Thu, 28 Mar 2019 00:00:00 +0000</pubDate>
      
      <guid>/katex-math-typesetting/</guid>
      <description>Enable Katex in the config file by setting the katex param to true. This will import the necessary Katex CSS/JS.
Note: Use the online reference of supported TeX functions.
Some math:
$$ \varphi = \dfrac{1+\sqrt5}{2}= 1.6180339887… $$  $$ \varphi = \dfrac{1+\sqrt5}{2}= 1.6180339887… $$
More math:
$$ \varphi = 1+\frac{1} {1+\frac{1} {1+\frac{1} {1+\cdots} } } $$  $$ \varphi = 1+\frac{1} {1+\frac{1} {1+\frac{1} {1+\cdots} } } $$</description>
    </item>
    
  </channel>
</rss>